id,b1,b2,g1,g2,r1,r2
71509,136,26,146,24,145,18
52515,176,41,164,30,132,21
52548,41,150,48,158,58,166
49008,127,27,154,23,160,25
52326,22,171,26,179,26,182
51386,56,197,55,202,51,210
45919,141,39,158,35,193,57
50669,129,23,167,33,201,46
52747,31,196,38,206,49,222
73318,189,57,201,51,215,100
54640,19,103,29,141,38,159
70457,52,165,20,109,14,53
71920,16,159,20,173,26,188
71486,48,191,42,188,57,179
69940,138,45,168,53,169,66
50163,24,113,37,135,33,153
73344,146,30,152,27,167,31
71499,44,151,36,162,29,182
75724,203,40,192,36,225,72
67374,40,192,46,198,62,208
69958,49,184,38,179,14,156
72962,39,148,45,162,54,182
72408,128,25,133,27,168,29
65994,182,43,185,47,188,46
61115,19,195,20,199,21,201
69986,27,142,33,157,35,171
66463,86,140,61,166,35,179
52234,27,177,30,187,35,201
52541,164,46,151,30,119,11
75401,126,30,145,33,174,50
73114,167,27,171,29,180,35
53751,23,214,34,224,54,232
49532,169,79,183,59,183,56
70397,35,161,35,165,32,158
74893,202,54,217,44,230,64
73301,68,106,113,183,40,165
73339,72,164,48,182,34,202
71498,32,187,36,187,36,185
69689,20,128,16,142,14,161
72648,140,100,202,105,220,55
51700,232,48,239,69,249,130
76581,206,48,167,27,107,12
50598,158,28,157,27,164,23
73096,45,188,69,208,75,196
70910,194,54,208,55,215,99
71987,22,210,26,226,70,239
70427,160,130,195,95,173,25
75216,83,163,66,198,49,209
74879,42,129,45,159,58,158
46875,98,226,65,214,18,199
73394,28,180,31,197,39,208
61273,54,153,102,210,145,231
74269,40,218,48,223,116,235
52744,181,29,181,34,87,3
47531,186,54,208,69,219,92
64686,37,160,32,170,31,182
72181,222,48,203,27,169,28
70999,47,205,63,210,85,203
75400,23,184,106,197,190,209
74308,118,13,133,16,205,41
71932,170,48,202,69,222,107
71790,191,44,188,39,185,37
70434,8,91,12,136,30,196
73638,39,193,47,195,62,187
66583,172,27,166,18,159,16
53084,98,195,109,207,107,212
51943,29,157,27,153,33,173
53097,20,127,24,152,30,170
71942,31,194,31,214,37,223
73787,183,21,155,10,126,10
51083,158,47,192,75,216,110
70122,40,190,44,208,94,228
71487,35,174,40,183,52,197
73918,23,107,22,128,25,146
52103,56,3,100,6,207,57
73285,164,18,182,19,208,42
50682,30,177,25,172,24,163
74485,127,177,85,205,54,210
76458,17,157,17,176,20,171
70000,29,167,37,183,39,180
70562,128,58,130,57,132,54
72043,21,132,22,136,30,155
73193,59,185,49,197,89,220
50498,23,163,24,177,36,195
71623,218,35,222,38,230,55
49945,26,155,22,172,20,185
69991,5,139,5,134,12,192
74425,176,24,167,23,156,26
49726,225,78,226,87,225,113
52530,112,12,169,21,209,45
53781,32,169,31,175,29,186
75240,149,15,174,18,196,29
70992,89,23,190,30,209,25
71943,24,155,29,182,44,207
70883,2,59,3,85,16,161
72357,62,185,57,171,32,90
54971,39,157,43,164,49,170
73396,179,20,189,23,200,31
78155,16,176,15,191,21,192
75016,176,40,207,63,228,112
76037,14,163,15,164,15,159
71691,23,157,26,177,30,191
73284,120,191,72,190,21,177
72222,61,142,89,182,76,179
73398,195,64,224,98,236,81
75467,209,34,215,38,216,47
70922,172,32,186,37,196,73
75735,34,195,31,195,52,202
69992,234,56,237,70,242,126
72080,196,34,209,38,219,44
74094,139,30,151,31,157,30
51442,33,210,26,218,38,229
69945,43,112,54,155,81,199
75390,27,166,24,172,32,189
74093,2,64,2,107,5,196
74196,181,174,156,204,43,190
70229,239,43,243,42,248,94
52757,21,171,23,173,35,183
72242,193,48,196,50,193,55
76695,163,49,187,53,202,63
52229,36,164,40,173,50,189
52301,10,96,12,134,21,182
52532,140,29,147,31,159,28
75744,98,221,98,230,98,232
74461,39,189,82,210,103,204
70399,53,96,50,147,49,198
74205,205,76,217,72,221,92
71713,205,68,209,64,219,69
70396,44,214,47,218,66,220
76411,36,161,31,153,29,150
74522,196,78,200,91,199,98
66361,184,38,189,34,191,75
75380,135,62,191,75,196,88
74054,126,38,158,49,140,59
77567,71,149,66,158,64,184
52996,94,226,102,233,122,237
53089,202,39,202,34,173,46
78198,209,23,217,35,228,65
76373,15,118,15,116,10,97
77157,110,218,120,235,134,240
78166,64,208,44,213,80,224
75572,129,47,157,53,203,72
72960,41,212,53,223,66,230
75236,11,140,22,174,8,129
78826,58,18,76,24,175,29
79215,29,145,44,156,35,149
75247,161,25,82,4,110,11
77906,21,163,31,183,38,202
78973,11,84,10,135,27,183
80470,28,216,24,216,27,219
79152,180,53,175,50,150,62
74532,170,51,164,43,200,55
77171,18,75,24,105,31,123
69988,70,199,98,219,123,225
71070,51,216,164,229,208,237
52498,226,78,236,90,220,83
75445,62,186,85,222,95,220
77920,6,118,8,153,7,150
76791,13,142,18,160,8,164
75028,192,65,213,82,223,106
52778,9,117,11,131,13,151
74523,27,122,28,133,40,172
49920,26,143,27,141,36,140
79104,25,167,28,171,36,164
71599,50,164,61,161,78,156
75237,31,210,23,214,27,226
73854,41,212,30,211,41,210
78152,130,63,213,77,207,65
76760,91,250,129,240,125,219
72959,223,51,226,55,230,65
73448,212,72,239,90,244,102
77206,77,248,67,249,53,249
79732,180,58,195,72,197,85
78472,184,24,212,55,240,95
39966,24,96,20,90,25,103
54360,76,229,77,234,92,242
73934,183,41,210,52,226,74
73170,249,94,249,75,250,137
73299,65,220,73,209,58,146
54173,68,33,174,27,212,29
121483,116,42,150,63,159,68
77292,38,118,60,158,73,171
73478,6,55,8,74,40,147
75745,242,57,225,132,205,142
72295,20,190,31,204,24,179
75218,0,112,1,112,2,190
75719,6,64,12,78,36,155
74179,144,45,152,46,219,94
76047,229,35,238,123,248,171
73963,187,37,180,40,170,39
76989,43,162,42,194,53,202
76951,30,197,17,171,23,147
135419,20,121,35,170,58,195
76669,41,178,57,208,42,182
79561,26,177,25,178,28,186
75720,6,101,12,135,13,174
70241,26,141,27,153,35,160
83084,37,168,44,185,55,201
76016,81,174,81,198,123,220
80866,38,147,44,168,48,197
73411,38,15,177,24,233,82
53372,36,189,29,186,24,176
76080,149,42,180,38,206,42
75413,152,64,159,66,163,62
76460,21,183,19,183,21,184
51443,25,112,32,147,32,166
75355,44,170,44,192,72,208
74315,182,41,186,45,192,54
78851,180,36,178,31,134,40
80629,12,155,14,152,16,136
77125,40,212,47,223,81,237
76347,34,184,32,189,22,168
75395,24,159,25,169,28,186
79557,178,31,181,33,191,53
48246,134,35,143,35,156,37
41585,55,152,64,200,26,170
73477,183,66,185,71,185,68
74838,21,156,25,171,30,187
69989,32,178,24,171,23,158
74632,214,49,211,29,210,49
71628,138,37,156,48,168,57
74567,21,91,15,121,36,181
74627,109,8,169,15,212,37
68437,157,47,167,53,171,66
73508,160,18,163,16,164,15
82428,43,195,39,199,37,184
83017,37,188,39,201,36,200
79439,236,47,239,46,242,64
82219,61,160,48,164,50,171
65893,45,181,42,165,43,144
79105,184,33,195,38,212,47
76048,170,44,181,55,186,76
70995,160,38,182,33,177,27
74904,29,211,26,210,39,212
72562,173,56,177,43,174,44
79159,141,38,155,46,167,57
78161,135,39,161,48,199,70
79140,187,29,179,24,180,35
76051,142,26,176,40,197,60
76445,18,151,14,187,12,201
76455,201,60,195,78,173,67
85094,72,216,73,221,91,217
51786,23,95,19,156,15,135
81106,48,240,59,241,126,243
76972,192,36,177,26,145,14
82434,4,94,12,157,26,196
72177,149,38,156,39,199,57
74736,157,35,185,47,189,64
72042,33,167,35,170,13,146
76348,35,177,29,175,34,172
84843,85,191,74,192,80,167
77039,35,188,22,178,17,170
82188,187,27,197,27,217,63
80628,90,125,58,136,18,184
74528,30,156,33,170,33,176
76377,211,108,211,106,191,78
81316,45,203,42,216,61,208
77919,42,190,40,195,104,208
74303,53,218,40,217,51,209
76451,178,43,167,29,147,24
84065,210,39,217,38,223,125
80626,12,139,20,175,44,207
79762,53,215,55,222,70,235
71139,33,170,39,198,42,203
78160,195,56,211,76,216,105
74799,190,59,170,39,128,17
76369,20,162,12,137,15,85
79565,192,41,208,57,222,83
74621,199,40,207,77,209,99
32972,27,54,48,168,63,207
76444,106,204,91,196,67,181
71769,25,132,30,161,36,188
69990,195,32,185,36,145,18
81478,203,69,204,73,203,78
76456,21,150,28,178,53,200
83410,216,116,214,104,200,106
49725,25,139,41,169,29,144
84631,92,202,95,212,81,205
76454,228,75,229,126,207,147
86505,212,28,214,28,217,32
52525,34,104,41,186,119,227
77147,190,35,179,30,149,30
54678,28,159,48,203,48,207
82432,33,138,209,136,237,161
88495,109,44,188,86,191,48
76560,72,181,60,198,65,197
78846,36,187,64,213,98,230
74518,148,34,177,57,192,86
73158,14,163,10,177,12,203
80988,51,143,43,185,48,202
82440,19,172,5,125,8,75
76794,197,51,205,56,205,56
78073,44,207,43,204,63,175
81465,122,240,133,244,138,247
85697,40,204,46,216,58,226
81784,192,43,181,25,171,9
66506,169,33,159,22,147,17
82435,75,228,57,208,12,142
82387,225,76,213,62,194,48
86311,217,55,221,41,229,95
80632,32,165,37,183,52,204
80193,26,124,22,145,28,204
76558,65,199,84,208,127,227
82480,140,40,142,36,154,38
74295,15,137,13,125,15,137
76459,194,60,171,32,175,29
71771,161,33,182,43,194,49
74101,29,169,12,145,21,186
75597,35,183,42,197,50,208
85660,191,30,198,29,211,46
80627,90,247,59,247,170,250
79425,23,148,36,183,68,208
76442,140,22,157,22,171,36
76689,112,31,156,36,190,49
76295,27,202,30,211,55,219
77753,57,174,56,179,81,192
51312,183,60,202,74,224,107
41635,181,91,192,103,185,102
74832,22,162,21,167,22,188
84375,12,142,18,170,34,204
77764,165,38,162,37,142,23
83528,129,36,142,34,125,34
83936,182,21,237,22,140,41
84504,172,43,195,60,207,90
82436,13,144,21,188,38,226
76443,152,21,169,18,177,20
76966,35,148,41,162,44,173
74003,52,150,51,164,50,179
85858,59,217,75,219,91,220
78872,44,155,43,165,87,177
80466,20,169,22,175,31,191
83231,54,200,88,228,133,242
83204,148,24,190,37,212,44
87663,88,176,63,192,57,213
83165,47,141,38,134,41,140
79149,45,221,43,221,38,217
84148,228,136,230,147,230,165
83883,114,154,118,216,105,214
83160,22,125,27,141,36,161
85095,8,100,14,154,31,200
76135,215,55,228,92,234,142
83269,203,66,217,66,226,103
124692,217,66,212,60,202,60
74773,52,200,58,208,65,203
84193,196,48,202,61,205,63
76941,201,35,221,37,232,51
84853,179,45,180,52,148,60
103200,226,139,218,100,202,23
76441,123,206,117,217,90,208
76708,25,200,15,190,28,159
83126,223,99,231,100,243,152
84350,108,200,67,216,39,201
84900,55,224,128,235,136,227
83267,222,75,227,77,232,98
67535,104,164,100,180,106,201
88456,238,128,235,112,221,74
85345,18,151,23,168,43,185
83897,75,209,69,217,70,220
83280,7,69,4,83,10,183
86428,213,89,217,85,226,112
79135,54,201,65,221,60,222
78070,56,218,47,215,48,214
89613,85,29,142,51,194,89
84854,133,42,160,62,180,98
76370,203,47,146,44,109,70
75030,249,89,218,117,182,124
84842,210,28,221,43,228,54
53076,187,49,201,48,219,42
80738,46,142,36,151,34,165
83004,85,228,97,226,85,209
84632,166,241,117,232,91,226
86120,72,140,88,179,109,203
78475,32,0,25,0,212,1
85114,46,189,59,199,68,203
86137,129,63,146,66,218,130
72773,49,160,59,166,81,204
73343,19,147,22,161,26,171
89336,22,92,40,150,64,180
86334,47,168,58,188,64,179
77923,36,130,42,150,56,157
83090,113,226,126,231,81,233
86123,181,24,185,24,206,66
83511,209,44,214,53,215,76
83500,232,94,221,94,209,100
80865,28,121,31,150,33,166
90670,227,57,196,59,94,65
83376,150,20,130,11,135,9
84501,32,159,36,178,38,183
89748,26,142,31,171,49,197
73131,72,185,59,182,60,185
76288,16,61,16,61,16,74
83917,5,86,12,124,29,190
74880,153,33,152,29,144,39
80829,192,35,213,44,225,72
85341,186,38,195,39,183,39
79326,52,211,64,213,92,216
78726,65,148,70,169,67,171
72363,35,156,29,154,18,127
88253,41,182,51,201,68,213
72054,145,11,186,12,226,27
86888,36,202,37,209,78,221
66823,31,187,21,175,29,170
89606,33,175,34,181,60,198
88225,39,184,29,174,24,163
88426,180,54,200,63,217,83
83268,39,177,57,202,92,220
75173,26,205,21,197,19,195
89755,31,149,27,174,21,203
47384,38,192,32,194,35,193
78790,31,153,28,154,24,161
77566,18,108,17,140,21,163
89361,131,26,159,39,180,57
68073,9,101,15,151,24,171
53741,37,156,37,163,39,170
93090,167,35,185,36,187,40
70994,239,44,241,29,244,31
91510,16,146,15,145,20,161
77128,190,55,189,41,183,19
83250,115,29,128,29,139,35
98705,216,176,208,134,197,67
81891,35,209,35,207,39,213
90885,207,32,219,31,229,147
91045,178,19,195,25,216,45
82227,224,78,198,64,147,53
85855,148,39,158,32,177,33
86381,81,98,43,129,19,188
81128,21,160,24,172,32,188
89873,28,124,37,146,40,163
94506,143,148,192,103,194,30
88252,68,214,66,213,81,220
88295,163,44,177,49,197,55
92471,187,28,176,24,151,26
88489,10,226,8,223,9,224
76691,20,90,22,122,41,218
85702,37,185,27,172,19,155
84189,123,36,130,36,147,51
85659,24,109,27,161,31,183
87308,185,64,176,38,170,31
49728,43,229,37,229,32,225
96969,21,132,26,162,46,201
84897,157,34,204,48,229,71
78720,139,19,145,22,169,34
85870,29,180,27,174,8,146
93089,212,52,206,63,200,81
88453,144,21,156,13,212,25
82799,164,31,178,34,190,46
76692,10,157,8,152,8,158
82906,159,30,162,23,179,21
86784,156,52,200,62,226,85
92046,43,193,49,208,75,221
79566,26,174,27,176,26,168
87307,165,91,171,46,208,14
80664,18,214,15,228,31,233
79312,6,97,15,165,57,205
89630,20,130,22,138,27,165
79559,204,49,177,30,146,13
85906,130,35,190,53,230,40
84218,207,64,215,71,220,109
86899,36,155,14,140,20,159
78331,80,193,46,174,36,130
92412,60,172,65,193,67,192
90674,36,98,34,154,42,201
83098,176,38,194,38,205,41
86862,42,190,37,188,20,165
79826,24,182,24,184,31,190
89667,19,162,17,164,23,175
86507,21,169,21,181,35,214
76955,40,152,32,134,28,98
92576,195,30,194,30,161,74
93005,219,56,213,83,176,48
95501,28,152,30,163,36,174
96326,23,170,20,166,27,182
87716,203,102,194,128,190,117
84034,141,79,145,156,29,216
88270,27,142,22,179,46,204
87314,177,59,176,49,184,44
85842,41,191,45,211,75,237
82081,21,161,24,178,40,196
80707,68,222,96,223,96,226
100926,49,205,58,199,92,192
91703,191,44,191,63,137,78
84414,173,55,166,60,181,88
86023,191,45,204,55,211,70
68587,243,53,244,56,245,75
92599,210,49,209,28,215,71
94190,199,73,208,100,197,107
90388,210,76,192,108,166,149
72359,211,38,212,38,212,41
78837,155,32,201,38,223,46
78388,30,208,27,208,49,200
82487,224,16,223,16,225,31
91603,46,216,32,210,14,182
93003,40,207,27,187,24,151
77023,54,177,45,169,29,154
88237,37,148,30,172,33,187
91391,167,44,189,49,174,51
88473,43,132,50,176,95,209
81887,169,54,172,29,173,25
88258,149,11,190,14,215,27
86197,56,208,84,216,135,213
86319,185,33,181,26,168,26
86134,69,225,117,228,152,232
92131,23,149,10,115,7,104
92415,208,43,218,50,227,76
86785,56,203,28,191,11,172
84163,168,108,193,65,193,18
74954,179,48,190,53,211,69
88446,7,66,7,109,36,211
88226,201,72,207,71,201,64
70993,175,34,183,35,189,40
76956,163,40,171,41,170,44
87246,51,232,58,235,68,238
92093,8,194,36,237,122,251
90931,185,72,203,106,214,140
83214,219,65,233,68,240,66
74894,36,166,15,180,56,212
92827,25,128,31,170,28,181
92020,58,209,28,192,21,180
80630,58,188,70,211,57,192
92505,26,133,21,149,26,175
92038,23,225,28,229,31,231
92099,111,15,143,25,180,68
83960,53,108,57,186,50,206
96001,137,27,197,31,234,71
92070,136,15,158,21,205,62
77855,118,185,177,230,183,240
86533,38,128,58,168,66,184
92543,175,38,158,18,186,39
92039,122,183,87,199,45,188
86861,225,58,233,70,241,130
94568,194,43,201,45,214,121
78958,57,10,129,23,168,31
93068,57,209,57,214,77,220
92116,59,212,52,183,44,127
140817,16,186,24,203,41,217
91951,211,58,212,78,196,95
89867,20,127,31,157,51,185
91065,76,212,129,209,79,157
99355,46,219,55,231,70,237
92048,237,166,236,133,231,89
85351,26,152,35,161,28,166
91252,9,103,30,199,29,218
95473,224,46,234,80,243,123
87266,60,207,65,205,91,200
91566,67,194,54,177,28,134
94895,34,164,33,168,28,163
94594,84,171,95,220,131,235
95255,22,114,21,117,28,127
95600,69,14,105,22,158,32
94507,56,195,81,215,95,226
91955,18,147,23,180,39,199
92105,135,33,140,21,153,22
87292,171,77,159,47,191,51
98148,208,73,202,63,178,75
88474,213,88,215,99,215,113
90961,101,211,88,219,156,225
95257,42,217,42,221,123,225
87290,83,193,78,199,96,207
85839,110,20,129,23,152,80
93050,205,62,220,58,238,73
86894,15,176,16,184,14,183
94569,26,138,24,144,23,215
93680,31,173,27,176,34,175
95502,181,60,192,58,194,78
97717,129,241,94,243,100,240
93777,50,176,69,201,62,188
96945,72,194,57,183,48,170
101054,34,170,52,208,80,214
101318,38,134,42,130,145,124
87127,208,59,214,55,226,92
96014,179,76,215,100,229,142
93066,16,127,31,163,49,190
87263,27,186,19,157,16,86
89625,46,175,74,222,101,235
89641,140,243,145,245,145,245
99742,195,65,204,64,217,70
100021,204,97,218,63,216,55
83291,224,40,231,43,234,47
93458,250,158,250,145,250,105
90967,222,5,224,34,226,75
92512,227,83,238,77,240,139
92504,214,34,222,33,234,56
100636,144,31,153,36,160,42
75403,162,18,174,19,201,34
93776,36,135,33,140,44,157
87282,28,146,30,151,35,162
100650,135,14,157,25,167,34
98058,229,62,231,69,233,84
87269,50,147,42,144,48,147
100145,56,165,41,169,26,170
100919,52,74,49,212,91,245
87285,49,222,60,225,65,240
100361,19,187,22,198,29,211
98512,30,186,28,184,27,182
87227,30,212,17,210,28,218
87242,96,214,125,232,151,237
87244,227,34,223,18,229,53
85837,26,180,33,201,47,219
100614,188,41,206,37,218,49
100622,198,47,215,48,244,88
100628,85,226,102,232,122,237
100618,166,35,190,40,203,64
101198,208,44,227,48,234,92
102589,12,72,18,104,39,164
100989,90,6,136,13,192,28
91069,27,157,22,158,23,175
87229,86,235,41,235,173,252
95528,217,41,216,35,225,37
100632,24,153,29,111,43,227
100633,214,54,222,49,244,92
100634,169,52,187,47,200,60
100967,42,128,41,133,68,160
87223,182,94,195,81,237,176
62328,29,143,29,145,28,148
93728,140,31,171,42,190,55
70254,151,53,173,52,182,42
92575,33,176,72,202,62,212
101901,15,115,23,152,33,182
102824,20,156,23,163,32,172
99794,178,51,176,43,172,39
98146,32,205,29,201,30,203
51777,40,149,35,152,32,155
82080,26,216,36,224,52,234
47370,30,207,16,194,6,177
72522,29,138,34,152,37,161
95873,65,165,61,175,36,160
95503,14,188,14,203,73,232
103271,17,168,21,184,25,197
92075,21,149,34,183,75,211
92011,55,183,48,168,36,132
103535,180,53,187,59,193,65
86867,51,176,43,181,34,179
98467,27,145,26,156,28,166
92823,213,43,220,60,226,80
68196,37,177,30,172,23,162
93028,180,48,190,49,197,52
74566,10,80,16,126,20,166
97826,218,57,195,42,155,61
72405,166,56,172,45,190,41
91696,240,57,240,48,242,47
96961,200,64,200,64,199,64
74565,28,139,32,153,38,169
85633,74,243,55,240,49,240
88461,11,135,12,157,17,178
79102,12,86,20,113,49,192
75397,190,56,186,50,181,48
104612,47,177,44,183,63,209
98970,28,150,34,163,39,170
161947,34,118,42,128,43,130
56247,202,44,199,47,192,56
96917,41,178,42,186,49,198
92047,20,138,20,177,97,194
97693,42,163,51,174,78,182
94170,12,100,16,146,57,213
72270,33,160,29,155,20,143
95515,47,172,45,169,42,163
96325,159,60,194,52,182,28
92176,245,65,250,83,252,84
73418,153,28,185,43,184,46
79435,40,191,55,196,71,168
87216,138,215,106,207,75,200
85857,48,170,48,178,39,177
75415,138,247,126,249,61,247
100950,153,35,176,52,191,71
93727,26,140,24,144,28,157
101700,19,182,19,181,21,181
84216,33,177,30,187,31,193
95877,131,193,116,188,76,172
90597,198,45,197,49,198,49
92533,6,122,8,142,13,170
93158,27,122,34,164,75,219
100930,67,160,72,185,71,195
104494,10,114,11,135,21,150
92526,172,28,185,30,208,90
116251,33,113,36,166,103,219
103762,183,78,182,60,159,50
81315,163,49,178,40,199,43
92068,143,54,165,24,198,32
80465,34,151,37,157,38,169
86866,36,155,47,167,57,167
96986,56,180,79,200,119,219
92067,44,210,39,205,33,194
100801,226,57,227,61,229,74
98997,238,43,240,37,243,141
97696,167,37,172,43,156,49
95531,213,17,218,20,230,27
103343,40,215,51,221,152,227
100935,210,106,196,95,169,99
102309,65,181,68,187,41,157
99800,43,165,36,177,31,198
100203,165,40,165,35,164,31
95876,21,146,26,176,38,196
99738,22,141,27,173,39,205
97672,20,129,23,141,40,171
89723,35,180,31,182,28,179
98404,107,20,134,21,189,39
104331,241,130,240,131,236,142
100953,30,151,31,154,38,178
94136,62,192,37,191,23,207
96372,29,175,32,191,67,216
93757,202,15,210,18,211,29
101669,48,207,81,201,113,172
93017,40,157,43,162,45,166
97858,175,60,178,55,161,37
103704,200,118,199,145,187,28
49501,145,32,144,30,144,31
80998,159,53,172,45,177,29
98996,8,168,9,179,14,192
91700,28,1,39,2,223,29
92825,133,19,164,21,184,25
112031,56,227,49,227,75,234
102241,71,140,75,170,88,208
105389,72,233,74,237,87,241
102098,182,61,199,72,176,74
78780,36,171,39,186,42,197
106335,173,60,205,93,178,49
112666,199,46,217,60,227,71
103719,79,239,76,240,73,240
97652,225,60,234,84,233,119
98430,191,48,159,38,69,20
102683,168,35,186,52,192,91
100100,162,82,192,75,217,100
89729,34,182,31,196,32,198
101062,31,159,32,170,37,183
99799,184,49,199,61,207,68
71150,149,40,157,45,174,55
91074,122,29,123,28,170,77
97856,213,53,201,69,159,71
103781,149,16,150,15,177,19
87306,93,211,94,222,127,231
107464,154,13,161,11,184,16
105010,32,202,28,205,47,209
115689,33,172,35,193,41,213
106539,36,193,38,202,53,213
115298,98,125,95,185,93,204
96997,147,49,164,54,185,59
84349,36,133,44,163,51,185
106850,205,83,202,73,201,54
103259,36,169,34,167,39,177
107917,207,72,213,72,224,91
118114,196,102,212,63,229,101
87032,41,196,37,192,51,194
105002,78,219,90,231,124,238
97823,205,51,185,36,143,13
105289,140,80,193,58,218,78
113874,171,61,193,69,199,37
82796,170,103,170,80,148,64
111069,171,33,198,36,214,45
113865,164,52,179,52,198,61
91189,70,191,57,190,43,191
75711,27,129,23,187,26,208
92124,9,169,9,196,9,199
113876,26,177,21,176,37,178
112094,183,59,216,39,201,72
105298,214,136,215,136,214,135
104859,142,120,178,146,204,143
101645,220,37,225,44,224,47
105364,15,182,15,179,21,174
98487,28,189,30,193,44,198
109912,42,226,34,235,85,243
112047,93,253,30,252,157,254
113855,29,196,29,212,154,234
93744,140,17,196,35,211,52
90841,139,193,112,187,33,154
103177,78,11,111,14,137,17
101618,70,236,39,237,105,243
93749,122,24,210,29,232,37
107919,212,44,225,64,237,102
107937,33,173,38,185,43,203
106574,149,26,162,31,186,44
107423,36,178,50,198,85,211
101664,45,167,37,161,35,157
103519,167,44,207,56,230,83
94185,135,141,204,107,199,73
117264,144,43,212,72,231,82
117245,73,211,82,220,97,229
93215,40,186,46,173,49,216
95332,158,18,209,34,238,85
112248,218,27,213,31,215,111
113870,153,51,193,49,210,83
116238,197,25,196,22,187,33
114211,230,54,237,68,244,126
113869,23,113,25,124,44,176
99723,38,180,37,173,100,172
117272,79,223,90,235,126,238
107472,133,42,146,43,164,44
108402,77,156,88,169,118,176
102085,173,229,156,223,127,209
101065,185,31,172,25,135,13
78295,12,130,12,139,19,164
109915,215,57,214,65,217,93
105880,33,221,24,208,22,196
107467,52,180,64,203,114,229
92045,9,84,14,100,21,133
101611,183,48,189,49,212,65
102281,174,10,201,20,218,33
100098,104,221,71,216,15,202
112057,51,194,53,196,58,207
96044,203,66,207,50,191,32
117270,106,45,128,57,173,87
101617,9,151,219,165,246,123
104657,210,68,211,58,236,100
111636,231,76,233,72,236,94
100099,54,194,63,209,79,207
104654,18,153,17,186,21,194
88275,161,68,208,147,218,130
104111,32,131,53,175,59,183
103357,80,138,85,158,86,168
111067,64,210,73,220,126,239
102163,224,44,224,44,225,46
114760,24,139,27,156,31,180
107782,208,83,188,45,229,146
105362,35,191,29,192,122,204
94863,58,215,70,225,162,237
114222,35,231,35,241,103,245
116887,85,16,111,23,194,33
80662,53,163,45,171,33,167
114139,199,95,199,101,198,154
104308,21,99,23,117,52,187
98497,229,130,229,106,218,44
105239,246,126,249,150,250,165
117239,42,218,70,239,112,247
57508,21,137,22,149,23,162
102621,18,134,33,166,19,149
119620,31,126,21,166,43,181
108501,42,200,38,191,41,182
118690,40,176,40,185,48,179
107302,53,223,47,227,47,228
111066,164,52,201,36,233,48
109637,12,184,16,199,34,219
112285,24,80,32,107,29,142
134943,159,23,151,23,165,23
118709,16,142,9,105,12,88
118709,16,142,9,105,12,88
105563,203,46,205,42,206,40
90971,6,151,9,179,32,214
113852,32,159,38,172,70,199
111627,27,6,186,14,232,22
117262,170,58,193,65,207,84
102392,11,159,11,161,24,191
114142,232,81,225,99,217,108
116875,153,32,181,41,215,59
102083,16,171,19,173,8,169
112236,188,42,209,54,226,85
98969,213,74,226,89,244,105
104389,144,69,185,64,231,131
113853,215,78,217,31,240,169
104436,16,119,23,148,44,170
117248,19,102,26,117,38,141
116247,10,91,10,101,14,120
112286,177,58,165,42,172,47
117232,225,85,228,88,231,105
103049,171,13,186,16,209,26
112035,14,105,24,134,44,159
102060,177,49,200,45,221,71
113875,148,55,120,44,214,84
106365,1,33,1,148,2,173
88238,117,25,117,25,130,32
96358,7,162,9,192,23,217
102459,240,32,239,21,240,138
98544,10,128,13,144,29,177
98513,19,144,28,171,58,203
117517,158,63,174,79,166,98
107096,41,90,60,167,76,185
111097,28,135,27,180,64,215
100084,28,128,35,143,52,169
116243,195,58,207,58,232,122
92870,31,144,34,165,46,176
103207,29,136,25,163,32,188
103235,39,193,34,188,39,180
105247,197,66,194,46,168,16
105939,43,188,69,202,100,212
101884,21,13,20,12,213,21
102097,208,79,216,79,235,117
107455,63,213,73,218,79,221
111200,40,156,45,167,56,174
111007,35,171,40,191,46,208
107466,48,132,18,159,35,212
112651,30,222,33,223,87,235
114138,219,69,226,64,247,144
114206,36,169,52,198,95,223
113872,33,202,44,215,114,238
117299,60,215,38,216,109,240
117501,212,61,218,52,243,99
118160,26,199,33,145,53,195
108266,61,218,47,210,50,204
102084,45,147,37,128,93,229
117247,30,222,45,232,68,238
93756,160,51,166,53,165,52
45290,209,58,205,52,191,35
102817,50,172,50,173,41,160
107924,189,39,215,58,232,124
102875,161,57,176,63,187,70
100691,35,162,37,176,39,181
99752,164,47,180,58,188,64
90589,128,24,171,26,202,38
99714,139,48,168,49,185,54
94187,238,100,224,65,202,73
67769,27,155,31,169,40,182
99740,55,174,56,185,54,176
96327,145,44,163,48,167,36
108225,34,142,38,153,42,165
130013,78,164,76,171,87,180
107373,39,142,47,166,70,200
134641,94,172,107,202,115,214
76020,35,185,39,192,42,169
106547,162,31,162,30,169,32
105015,28,180,33,189,25,169
97816,25,134,31,156,29,176
113312,76,224,76,225,118,223
98484,49,181,42,208,29,205
100990,180,63,171,54,125,19
93933,72,191,60,186,51,181
107960,35,165,27,183,37,217
117790,12,175,17,186,21,189
116234,197,109,207,98,207,74
128235,27,142,31,148,29,149
105521,46,184,49,195,75,201
116532,187,67,208,85,219,92
91192,39,147,33,181,41,202
113377,196,33,201,37,204,42
113353,37,136,49,174,66,214
92003,68,251,40,250,6,247
110332,25,83,29,143,37,206
107928,42,132,46,144,43,135
118377,181,35,179,32,177,33
97857,35,168,24,151,23,143
112079,50,241,42,242,63,244
113342,25,145,24,165,65,207
66026,219,57,205,39,195,47
121090,175,34,186,36,201,79
127338,66,1,95,2,148,9
100644,101,4,153,6,213,31
118922,166,45,140,36,130,35
97612,167,40,191,43,219,121
103324,152,55,179,59,159,28
118370,26,163,39,181,50,210
100987,65,8,109,14,180,35
104816,38,206,41,206,47,210
117774,163,70,176,62,204,95
107961,30,225,31,227,32,229
109937,42,177,29,185,54,189
118909,10,139,12,148,16,174
118931,183,35,183,25,212,45
104467,30,146,30,153,35,166
129783,92,201,69,175,38,120
120513,19,125,19,134,20,144
76651,220,68,215,96,181,130
118974,2,135,2,149,3,179
103222,125,29,142,30,176,39
110652,43,183,42,173,47,179
124042,7,159,6,160,14,161
116799,213,46,192,21,152,17
93931,12,140,22,188,32,204
123420,49,143,42,157,40,185
100828,36,150,43,163,62,174
100015,53,189,57,190,70,182
118364,32,146,32,177,53,213
102648,43,196,32,182,25,167
105246,26,158,17,153,4,107
119456,32,156,26,171,36,197
114146,163,58,190,66,209,90
89724,23,113,22,134,20,150
107370,26,134,67,179,86,220
109955,52,171,63,184,60,178
127707,25,89,89,189,125,227
101972,31,178,30,182,63,191
94829,230,17,226,16,222,28
94133,160,16,184,21,223,34
99094,66,186,44,188,56,189
100610,7,235,8,236,19,239
117861,33,166,34,174,48,194
118409,161,36,179,36,189,34
94112,231,55,239,54,248,86
125426,32,212,85,175,91,90
118348,28,154,71,192,41,189
132380,60,167,67,186,107,206
98485,55,247,37,246,29,248
114276,8,228,9,238,16,246
117863,36,174,39,182,38,182
101953,201,31,183,33,125,149
114261,50,177,41,161,42,153
115366,44,168,44,169,49,179
119294,22,190,19,186,17,175
100206,114,50,175,51,209,30
109971,57,149,47,177,84,210
116327,185,47,204,78,187,58
106065,23,136,27,186,44,217
45715,27,197,26,198,39,201
119962,29,188,24,180,24,171
103765,230,64,237,59,246,71
109104,54,199,68,221,59,236
115503,23,190,22,203,20,180
128202,151,63,184,69,190,73
101961,18,158,27,182,57,205
99792,24,189,21,195,11,162
118921,116,23,136,34,150,22
115534,190,59,199,57,207,58
102958,93,170,70,179,40,154
132441,48,48,37,106,51,185
103683,31,155,35,166,45,187
130373,97,33,203,39,219,43
129764,160,19,158,18,165,22
123014,37,176,22,177,18,182
126156,171,49,200,70,189,84
109438,159,23,166,23,176,28
112040,169,64,176,75,193,88
103321,209,38,220,40,232,59
111486,184,40,202,38,205,43
123053,82,198,82,193,83,188
121592,145,45,181,53,188,49
130378,180,80,189,94,195,118
124225,77,233,90,231,110,218
123095,196,63,204,70,200,74
101939,56,208,89,164,98,57
118618,227,61,210,59,164,136
108798,119,15,141,23,170,33
97859,131,147,78,188,31,218
127036,79,224,38,205,42,202
125826,40,189,57,209,87,194
118173,156,96,203,100,222,47
129781,220,59,226,68,234,74
120076,73,208,55,216,52,213
100677,43,178,40,204,56,227
152392,150,7,167,7,182,9
117061,249,79,249,79,249,79
117881,24,137,34,171,105,225
109640,186,38,206,45,225,58
119457,20,123,20,137,35,172
125711,141,15,156,15,181,20
120565,160,221,136,226,70,223
123386,77,210,95,221,108,229
121109,144,213,110,218,58,209
118368,87,200,49,189,25,173
125724,75,252,49,252,114,252
93793,42,164,38,171,44,188
103770,33,188,46,192,60,184
90599,150,28,156,34,165,55
122516,143,194,101,206,49,203
101999,134,31,150,35,159,40
110653,43,116,68,167,110,213
128212,65,233,61,215,59,195
112042,175,35,196,54,216,69
102074,87,226,88,227,102,231
121022,234,48,239,67,239,73
103330,239,75,230,62,214,96
113303,19,125,29,156,50,193
118337,90,33,109,25,151,32
122139,23,160,27,173,31,183
110649,53,147,46,152,47,158
132310,41,203,37,216,46,217
110638,4,139,5,166,6,177
83037,35,191,37,201,53,221
123388,229,43,231,43,234,52
120042,41,165,44,178,51,209
102672,105,27,150,44,202,73
113635,53,200,33,188,32,190
126305,136,26,143,24,153,29
123433,106,191,113,218,71,207
124736,212,244,130,222,13,189
126853,195,66,193,61,185,69
95334,16,94,15,154,26,205
123536,2,138,238,138,252,155
108563,181,38,207,50,223,85
120079,185,111,203,99,205,75
132143,30,121,31,125,29,121
122042,61,77,99,196,17,213
120779,50,203,37,181,43,158
67514,233,82,234,86,240,105
129790,88,16,104,19,123,25
125820,15,148,21,173,33,201
100026,147,30,200,55,227,108
125708,36,172,61,210,81,222
129761,39,183,29,181,30,189
122982,146,40,105,38,87,91
118902,69,148,76,147,83,138
115530,211,57,213,45,222,103
131005,226,74,227,68,225,98
120093,239,41,242,46,245,58
123416,151,33,154,32,151,30
102873,21,116,18,120,11,144
103755,157,53,178,53,191,54
125133,242,102,227,92,208,75
130905,112,45,138,38,209,69
100041,213,113,232,118,241,158
123377,40,172,42,178,54,174
124922,143,44,153,45,182,63
120067,58,204,47,200,43,208
126371,39,184,51,146,19,67
123099,47,114,52,108,54,214
129759,69,234,84,232,146,235
125709,17,125,21,128,38,156
114987,158,21,131,15,157,12
79602,41,167,48,179,89,200
125839,37,123,48,174,191,223
124206,211,58,213,42,230,82
112167,152,156,196,133,235,69
129709,21,136,33,156,40,177
125718,76,244,49,227,37,200
122021,38,119,49,143,66,157
126348,162,27,197,42,205,53
103780,35,188,34,189,22,177
125838,218,70,223,26,227,117
122196,12,123,15,136,19,158
126349,95,22,145,26,201,33
129758,16,250,24,252,63,254
120522,209,82,213,90,220,107
101973,175,28,177,22,193,42
117783,84,152,51,155,67,196
137437,23,124,28,151,32,201
129706,5,240,24,241,58,242
111057,215,35,228,63,234,89
126366,192,60,206,18,249,188
131006,8,133,22,178,27,209
122336,63,153,40,122,32,105
122336,63,153,40,122,32,105
124927,134,19,163,31,176,41
125712,43,172,53,186,72,219
125813,20,188,22,201,44,204
131442,58,163,55,175,55,173
120108,95,21,126,22,190,45
115537,142,40,142,32,169,77
119624,5,140,9,159,16,191
125816,32,192,40,202,59,219
129769,106,48,128,58,137,60
136324,52,221,52,221,147,220
121371,237,45,240,47,243,58
125834,54,196,38,192,67,205
120075,199,71,201,87,232,104
125131,70,155,49,158,37,180
127192,6,41,9,52,29,181
122031,64,195,139,208,201,220
120094,45,198,28,194,68,216
92109,20,164,21,169,67,193
130904,16,201,15,196,14,182
123395,98,15,108,10,129,14
120063,209,40,231,34,252,202
126324,21,206,24,220,62,231
127716,38,245,27,224,23,141
132917,192,65,205,83,219,117
127484,22,233,22,234,49,235
127132,117,22,133,27,142,31
123417,173,63,187,70,193,74
131389,208,99,210,96,213,83
120062,67,216,69,219,74,234
122963,26,155,28,170,43,196
120751,27,220,28,219,81,221
121849,87,30,126,49,161,68
132935,49,190,33,177,14,148
132379,167,31,207,35,220,80
122032,54,228,66,228,89,231
121117,46,138,43,142,57,155
126340,240,32,242,45,243,87
129715,74,226,71,226,59,215
123384,24,215,28,225,39,233
126375,48,221,76,239,146,248
122474,30,130,25,146,34,178
127960,44,204,49,204,51,203
134248,33,131,40,160,56,192
101977,168,27,210,30,232,59
122508,19,187,23,206,42,234
131612,166,43,186,54,206,64
125476,187,45,168,36,166,35
129711,22,169,24,172,68,217
124232,210,42,221,52,235,102
121158,205,69,217,85,222,66
123076,230,20,233,19,236,21
131623,219,63,232,71,245,130
101934,32,140,52,200,70,219
122603,158,40,188,39,212,46
130782,246,37,243,27,242,45
129286,218,79,208,58,183,29
123001,27,231,30,231,164,251
127340,153,32,183,35,197,53
126380,34,122,38,168,58,218
126357,34,116,53,164,76,196
109941,29,180,30,207,48,217
125238,60,173,56,172,59,177
129702,181,49,195,48,217,77
121577,54,146,42,164,23,166
130245,157,13,115,10,223,25
129712,203,63,216,70,244,145
130501,17,137,13,153,18,170
129760,42,174,23,152,21,131
131004,158,36,192,48,214,87
126391,51,197,51,198,78,207
129792,20,149,23,164,39,196
125470,206,77,223,87,231,85
102878,30,158,23,151,37,194
126385,28,133,42,171,56,196
126397,160,25,197,36,216,67
92454,72,226,70,227,38,209
125040,82,205,86,200,91,187
122530,64,7,92,12,114,19
123027,30,179,31,211,27,239
123085,36,171,25,169,44,195
115977,42,149,28,167,19,176
121048,99,20,136,21,169,43
98438,64,179,48,175,39,172
121788,144,43,164,34,185,31
114249,9,130,9,162,13,193
95541,214,54,224,69,228,112
102272,183,36,186,36,191,68
67786,29,175,28,164,23,143
120157,116,27,136,28,178,41
100647,60,170,59,174,65,185
115622,80,244,42,248,37,248
129049,64,27,120,51,190,113
77768,59,128,47,196,26,197
118917,45,235,41,235,68,237
109905,201,29,206,29,206,39
69956,12,116,23,166,43,198
122120,199,23,221,55,230,92
92064,18,245,13,246,83,248
100072,121,10,135,8,193,25
129408,173,55,187,61,216,85
124201,213,38,217,54,221,74
113351,252,80,253,147,253,165
118950,197,19,191,16,187,18
122535,51,215,42,199,39,194
129050,237,100,238,102,247,141
109982,22,130,29,156,50,193
99701,65,238,52,239,40,237
90596,185,33,194,30,200,31
119966,141,36,173,46,206,61
134982,160,52,170,35,175,31
127496,45,216,49,215,60,216
129051,216,114,228,82,237,40
120123,31,147,34,159,45,179
134960,24,115,27,130,34,162
129406,177,33,206,40,231,70
122596,37,204,54,192,61,135
122984,37,171,46,177,47,174
114286,10,165,18,191,39,217
114225,192,60,192,51,163,35
100643,4,48,7,119,54,223
101963,44,158,32,127,14,78
125421,39,144,43,196,45,199
128258,182,111,192,76,232,30
136007,199,60,186,48,165,41
125484,60,220,73,221,93,220
116254,192,63,191,60,177,79
103381,165,42,170,32,210,46
134136,116,44,187,42,224,46
98149,38,159,24,141,34,135
114265,55,10,149,50,211,107
118968,164,48,167,36,179,36
143253,58,229,176,203,204,139
115303,12,163,8,160,6,160
122197,186,91,182,72,221,113
130787,143,43,176,48,191,57
118952,203,80,167,46,123,28
125841,79,148,92,203,96,218
115520,86,212,51,223,139,241
140139,68,178,55,190,17,171
124013,192,35,201,39,213,62
99096,38,137,39,163,45,186
118903,43,168,17,172,5,155
119452,46,189,42,195,24,176
118365,182,48,181,40,170,26
101960,180,10,181,23,169,42
129333,51,169,40,160,17,134
130765,179,20,182,22,194,20
125405,147,19,150,20,149,21
130786,46,146,48,157,50,178
134134,175,120,209,116,211,69
133223,69,158,55,170,52,151
118408,25,177,105,207,184,227
137010,191,93,199,79,199,78
127375,225,46,222,44,225,56
119431,176,47,182,46,188,57
129012,240,43,232,27,220,17
148336,25,140,28,141,43,161
104426,243,72,243,83,243,61
117802,17,124,18,183,39,223
130978,240,34,245,47,249,76
99748,109,30,175,34,220,47
132989,202,90,190,63,171,66
127321,202,31,225,58,241,94
125466,49,157,50,172,50,179
132665,101,29,151,38,194,48
140895,204,86,210,81,213,146
136832,110,30,134,34,136,36
134685,117,203,89,215,39,221
118376,42,186,32,169,26,154
90591,22,126,23,213,27,221
81967,21,154,26,178,38,209
130733,226,99,214,77,180,54
135807,38,211,39,233,106,235
113364,35,147,38,157,41,159
113364,147,35,157,38,159,41
93218,32,178,23,175,23,175
129164,50,172,65,200,74,195
101236,183,22,203,19,223,63
137973,0,18,0,18,29,145
140199,126,36,131,37,163,44
118361,37,182,34,182,35,178
118957,135,39,155,37,192,60
118994,48,231,58,239,82,246
114260,11,80,14,103,22,138
122469,182,28,172,26,150,31
140711,83,216,66,218,106,227
127364,30,108,28,134,41,176
140015,18,184,14,177,9,171
123275,53,193,82,218,108,234
125443,10,103,22,162,39,199
115296,38,187,26,156,22,123
126386,153,59,185,92,174,75
120793,165,78,195,98,204,97
142242,78,185,67,181,61,179
129086,228,101,229,95,226,85
132610,241,106,233,98,225,95
134954,213,80,209,62,214,76
128392,34,163,24,153,20,146
130957,230,29,231,30,231,30
149727,173,46,171,45,169,44
95327,50,139,52,170,51,173
111990,16,121,14,127,17,145
118954,48,192,72,217,143,236
130341,60,147,59,158,58,168
130943,192,116,216,75,211,91
143464,64,125,72,140,106,156
124243,136,60,174,43,187,74
138576,56,204,53,191,64,197
139523,79,227,68,224,99,232
125411,56,196,58,196,60,195
136611,58,200,47,184,24,148
137834,173,109,205,89,216,70
138256,54,140,58,190,88,205
102934,34,171,24,170,23,168
135859,38,214,50,225,48,220
122494,195,239,151,246,4,248
114278,31,137,27,141,28,151
130755,18,152,21,167,29,188
130956,42,148,38,158,45,199
143282,114,210,134,218,154,225
137620,189,81,204,99,216,130
133000,209,70,213,71,205,66
134133,62,215,58,210,59,205
129046,60,165,44,199,37,212
139675,188,87,217,106,209,96
141421,170,57,195,61,198,72
134830,200,74,211,69,219,76
113302,209,59,230,66,228,123
153626,90,26,89,22,39,12
136660,141,26,142,19,166,35
136890,12,125,4,135,14,197
121783,21,184,23,194,34,203
101228,198,47,196,42,198,51
142817,182,43,192,48,177,103
137347,179,222,118,208,65,227
118943,63,120,65,138,84,177
137876,198,22,223,93,232,137
118308,104,191,74,213,37,212
47360,68,196,53,219,97,245
133253,181,58,214,62,234,84
137911,9,115,9,117,5,159
135896,194,127,223,104,218,78
141418,219,112,229,125,246,119
100808,192,83,197,75,204,67
118980,123,39,94,45,226,64
135015,135,42,143,41,172,56
145111,200,55,195,100,179,110
99780,225,63,221,65,211,74
119410,15,46,19,211,32,240
139488,216,68,217,70,218,72
145446,27,211,32,214,34,217
138502,41,173,60,196,103,228
114262,39,149,44,173,63,204
129069,43,186,38,181,14,128
130843,58,118,59,197,41,226
135309,111,44,178,47,202,52
136698,10,93,11,102,17,130
130939,159,25,159,25,162,30
118926,218,69,217,62,207,75
135895,147,221,99,217,57,207
116910,65,212,90,214,83,218
143264,90,197,83,196,100,200
147367,9,118,5,134,31,221
147367,9,118,4,133,31,221
102862,18,165,25,188,30,195
125446,228,60,231,84,234,100
100961,202,42,215,63,225,84
134576,86,240,98,244,109,245
135705,53,5,83,225,40,251
153267,207,90,209,59,228,48
114266,54,167,56,180,73,197
137260,163,37,185,46,203,74
150550,167,43,167,45,164,60
143270,10,129,13,153,27,210
143509,16,83,34,145,99,207
127372,153,240,169,240,149,240
145478,50,191,26,195,29,205
137584,11,118,12,121,13,126
138204,42,140,65,183,93,196
135011,79,215,85,219,94,220
118732,50,199,40,191,42,191
141469,31,101,11,73,49,162
158744,80,194,50,193,51,196
143639,155,44,177,45,205,73
133177,35,112,53,173,104,226
93628,140,30,177,40,174,39
139600,169,25,198,33,228,73
133132,205,73,232,73,242,111
139105,62,24,170,31,231,74
148696,22,154,19,162,24,177
144436,49,186,31,188,30,193
126001,89,213,99,214,136,221
143322,8,145,8,146,8,178
153403,14,148,14,146,16,144
138596,30,128,35,147,51,175
141419,24,127,20,159,52,205
133047,53,129,72,154,88,174
142025,143,1,156,1,197,3
140835,46,191,56,211,77,212
113376,103,24,125,27,142,29
138599,69,244,54,241,43,238
137350,224,95,233,114,231,131
145477,137,35,145,45,162,71
133076,168,37,191,36,192,36
133111,15,147,20,178,27,198
145247,20,220,18,223,93,235
143281,129,25,170,24,193,34
141425,92,41,109,49,124,51
141959,212,93,210,112,158,87
145479,247,44,249,30,253,140
143312,203,99,213,119,218,112
141416,23,123,25,121,24,110
133056,39,206,11,205,205,208
143291,22,139,44,177,80,220
133128,151,17,175,30,215,43
130739,41,194,44,204,79,216
133057,27,118,32,141,35,147
143265,166,8,198,13,228,25
134826,12,109,19,141,29,177
137920,22,167,26,172,61,179
135888,63,208,56,209,53,199
135889,98,18,137,19,177,31
139610,62,196,86,213,110,227
143313,49,111,59,123,72,133
123559,230,57,234,68,235,80
143314,67,156,65,183,59,215
143259,0,149,0,99,0,242
100023,237,145,223,131,217,135
139676,47,187,44,185,42,180
145421,18,156,15,153,50,176
140618,210,119,229,128,226,122
133075,19,172,17,176,17,185
144122,111,31,103,36,111,46
143308,31,160,41,176,67,210
144313,167,22,156,27,145,33
144313,22,167,27,156,33,145
141489,205,31,216,40,228,89
118986,53,176,71,191,90,203
143230,34,173,37,178,42,207
145441,227,35,234,45,245,173
133131,65,161,62,180,91,201
124262,179,19,183,15,193,19
134878,47,199,47,197,54,198
135008,79,180,100,196,111,199
143211,134,208,118,233,52,245
123535,53,14,87,25,132,42
145439,161,28,172,32,180,37
135601,50,204,48,207,66,220
139375,48,234,72,237,55,206
143285,157,33,195,32,215,44
138261,7,99,9,159,14,199
140126,179,48,192,55,213,68
133151,163,51,157,61,213,87
133154,48,215,50,222,83,232
141498,171,27,193,17,243,102
143325,28,91,39,123,76,182
135957,9,189,13,195,31,210
139646,27,187,61,214,126,240
133049,232,80,231,76,231,90
137249,56,245,33,245,46,245
141153,204,46,194,38,182,38
157258,12,200,10,200,9,199
76294,53,185,55,196,55,209
148136,136,22,127,27,125,34
141493,165,22,183,27,216,48
143341,27,141,44,169,58,183
152601,67,235,74,236,137,244
140726,156,55,178,44,180,39
145373,206,79,202,96,206,127
145372,195,35,205,42,223,59
141480,2,60,4,94,25,201
126077,26,112,25,116,25,121
140012,251,70,252,90,253,165
138419,53,180,55,183,58,185
148504,21,71,20,69,16,105
138244,139,37,143,34,156,30
146600,205,81,205,95,196,106
148109,85,210,93,212,93,212
138769,67,206,73,216,151,229
140241,179,39,180,33,177,46
143240,27,137,42,168,50,183
143210,52,203,47,197,44,189
144433,237,132,236,119,233,99
143238,23,102,27,161,42,197
145620,23,67,16,77,36,133
126070,198,37,177,26,76,4
144903,48,155,30,208,140,233
145636,27,178,24,180,25,186
143219,206,83,205,62,206,68
145428,172,47,218,68,248,120
143345,30,180,29,158,50,219
141465,95,7,161,12,231,35
143311,223,33,229,67,242,139
140245,35,133,33,146,19,121
137712,21,138,44,182,81,219
143334,29,142,35,147,52,168
138070,23,130,37,178,61,220
143320,199,19,219,30,236,68
139723,20,130,21,166,39,210
139868,38,174,33,198,27,207
137264,164,35,174,36,178,36
140280,137,51,180,27,224,58
141497,128,26,179,53,199,67
141484,120,16,113,18,186,60
140129,154,31,158,33,171,40
140198,41,154,59,192,156,239
141468,56,177,55,180,76,213
141472,27,169,26,181,39,183
142112,186,160,132,181,68,210
142801,158,34,180,36,215,58
145363,23,103,37,125,44,178
145357,149,45,162,53,164,60
145352,36,130,44,162,77,192
140282,14,89,17,104,21,117
133448,20,242,20,242,39,242
130966,159,60,149,56,136,56
122527,195,31,188,24,185,31
137952,47,146,47,148,45,150
141104,121,13,147,20,167,28
153973,15,158,17,165,14,167
142822,46,151,43,154,34,156
94767,54,149,51,164,50,177
125459,88,166,62,190,55,211
145162,47,127,54,161,64,184
130850,63,158,61,167,66,181
115642,76,164,79,193,83,205
132933,38,160,49,185,64,208
123519,174,17,179,13,184,13
97692,203,25,203,36,162,49
75426,44,252,32,252,75,253
113344,64,198,54,194,60,193
142803,186,71,207,71,219,88
119430,172,47,168,34,155,25
129383,48,151,50,178,32,183
144968,43,169,32,164,26,169
97629,197,113,166,59,52,19
44913,151,30,161,33,168,36
122489,13,79,20,142,10,150
134980,81,184,66,170,76,179
134963,211,110,147,52,131,23
109960,204,32,199,27,187,50
139700,61,39,186,63,234,99
134895,29,195,26,215,88,223
114282,15,192,14,186,8,168
126032,140,69,214,33,103,74
74866,19,170,12,186,16,200
115504,65,201,55,190,50,179
125468,147,26,178,44,205,70
75006,32,147,35,164,40,187
125414,71,163,53,168,49,150
142625,39,168,45,177,62,185
145292,139,56,171,66,194,85
144918,90,203,93,208,61,190
144938,175,131,206,61,230,32
144944,11,103,9,135,6,213
133129,155,36,181,50,194,55
137915,28,159,27,178,46,209
136835,150,32,158,45,136,55
118967,90,18,172,37,207,53
120791,16,119,27,158,40,183
143456,220,64,225,48,243,73
146512,228,85,222,77,207,80
155734,120,42,169,70,144,60
127865,28,130,35,151,56,180
141824,202,59,198,48,195,47
129461,78,38,124,34,198,39
167944,65,135,51,133,43,140
133457,193,27,228,42,243,101
136899,46,137,47,161,60,185
143495,167,75,177,64,157,29
119412,88,231,67,230,47,226
136868,202,60,203,53,211,45
146560,3,149,4,181,5,103
127378,63,149,43,177,68,221
130987,69,200,56,201,57,202
134873,79,207,53,191,31,178
118953,26,151,38,194,59,215
141259,68,163,98,182,160,224
149049,132,54,160,47,195,52
132998,162,47,189,64,199,73
94195,44,205,39,208,38,207
144943,66,206,44,199,28,160
134856,17,177,8,189,5,171
140647,24,142,35,155,53,150
144945,25,125,28,145,56,198
136687,164,53,186,49,197,56
145335,27,165,13,133,5,125
149645,214,58,218,63,208,106
137908,41,192,55,200,74,201
133447,237,96,238,78,240,105
136876,161,167,116,213,69,215
146214,34,117,47,185,81,222
152183,133,233,133,235,142,236
133496,138,11,157,9,197,22
148655,181,194,125,211,30,205
133479,112,188,87,198,50,174
152169,196,131,195,111,211,49
137709,109,12,132,15,169,24
122195,52,83,48,103,55,128
140265,123,20,173,27,226,52
146534,195,61,195,59,201,71
93929,239,66,241,80,245,109
136845,165,29,202,36,226,50
147834,136,207,108,214,41,190
125444,167,73,175,79,181,91
136870,119,44,190,91,224,143
137340,66,173,35,196,35,234
146508,100,38,125,54,142,69
134847,55,161,51,144,38,108
119453,168,37,186,35,211,71
144310,170,11,157,8,151,7
137921,145,34,143,30,158,36
145804,94,92,108,190,60,233
147047,41,149,45,156,46,151
146548,159,83,193,105,177,84
127395,24,191,22,192,24,203
153951,181,42,170,36,186,46
163133,85,37,101,50,129,69
137971,62,131,86,180,105,207
142689,39,145,56,161,57,186
129331,217,100,219,98,237,186
128273,183,37,202,41,223,95
137887,230,99,217,76,202,59
150632,90,239,109,245,167,250
134859,172,52,175,46,171,29
140730,203,93,203,91,195,91
146944,46,202,39,220,99,224
154366,146,44,155,37,159,42
141675,203,29,210,21,206,22
137341,25,192,22,185,25,186
148656,217,67,206,150,151,153
149174,137,72,130,74,92,44
149511,52,206,54,215,56,218
154347,180,78,229,102,237,108
150376,221,91,235,123,238,140
125436,200,52,209,69,213,89
100208,191,31,197,33,201,50
125423,236,46,236,45,237,83
115620,76,206,58,203,27,156
152617,46,4,41,4,223,20
155123,14,84,15,149,37,198
148338,225,135,238,155,238,144
137987,216,50,201,36,184,45
145414,43,169,46,183,50,200
152173,143,38,167,40,195,75
147054,213,33,214,35,212,48
125457,240,72,246,72,249,122
147945,211,75,216,92,214,90
145151,88,243,88,244,86,245
150117,190,88,205,63,210,59
154313,168,138,219,84,241,189
133492,56,186,37,208,40,227
155044,159,64,174,36,186,42
154107,170,94,189,89,188,80
153449,150,48,153,48,160,49
149628,120,216,82,200,52,185
127376,78,35,175,32,229,41
154307,207,39,212,40,223,51
137972,221,160,221,121,222,78
149481,86,209,87,207,118,213
109902,37,127,39,168,70,211
129096,41,182,48,193,60,206
150551,75,152,66,148,69,148
151154,47,196,52,190,57,190
140787,188,52,203,61,188,49
147886,180,54,209,58,213,146
151106,51,207,52,207,52,207
146520,207,79,214,80,213,81
127396,41,133,75,168,78,202
146233,149,11,184,14,207,18
154311,188,51,207,65,221,87
136878,17,186,29,200,50,207
134825,26,129,46,184,92,229
155541,50,219,88,205,128,189
156323,68,169,63,191,80,204
146386,251,53,252,49,252,110
87585,56,184,52,197,45,201
147039,62,52,46,177,114,237
155819,207,101,216,114,216,107
154349,134,69,185,81,174,59
145404,228,119,227,91,219,72
89757,58,176,56,182,71,180
140719,169,50,170,43,210,70
136826,17,147,29,193,49,210
137841,229,170,192,104,140,17
130972,189,74,210,90,226,117
148267,36,97,31,105,33,122
134874,165,77,176,70,217,110
146193,146,51,156,42,165,97
146316,37,137,48,171,67,201
153781,227,114,235,125,238,119
150591,193,46,199,35,199,33
144352,37,164,42,179,59,201
143952,88,157,90,159,57,161
127333,45,180,41,185,61,190
144772,92,240,80,238,79,234
133460,32,78,39,204,55,229
153025,87,202,98,222,104,229
145375,227,87,223,188,211,210
144773,32,122,27,121,25,132
117803,208,64,223,81,230,85
153404,10,95,13,159,12,188
153404,10,95,13,159,12,188
155414,69,197,78,209,94,220
147936,165,94,181,86,230,115
151788,83,171,84,178,72,163
127390,67,173,73,197,80,200
83260,178,34,181,31,188,34
163591,56,140,67,176,104,208
149955,182,41,183,36,182,51
122160,160,40,177,50,188,53
125461,151,68,165,65,199,88
147077,197,53,191,34,182,27
154124,51,188,44,193,35,185
154237,77,218,78,216,97,219
150603,209,72,196,55,160,17
144241,94,219,79,213,69,205
138595,39,78,52,186,64,244
155310,41,205,31,203,191,215
152486,211,65,223,116,221,140
148669,152,22,157,21,154,32
161349,39,160,28,146,16,126
163876,185,55,205,64,221,95
140721,88,40,95,69,202,48
151673,165,131,176,111,178,135
155167,31,160,30,176,18,170
137035,52,238,70,244,76,246
143174,14,52,15,63,20,173
153649,208,63,207,64,245,87
154346,141,27,153,31,174,34
150828,239,123,229,122,204,144
157012,166,49,181,57,207,73
154136,45,177,44,176,37,165
155562,13,125,30,178,49,220
148666,23,149,23,149,50,150
149555,35,196,40,197,67,214
149567,67,238,68,241,84,249
89756,236,66,238,45,240,61
152095,35,151,55,181,120,226
150581,63,203,62,209,120,236
153415,222,63,230,64,240,102
149646,155,29,187,35,209,60
147368,172,27,195,30,214,106
156653,131,32,157,48,192,85
152608,36,186,35,184,33,167
153526,32,133,35,169,50,204
149565,226,63,226,59,230,67
152610,178,72,219,76,232,92
153517,53,179,36,208,71,231
151114,195,30,215,36,237,74
148674,37,207,32,214,123,227
149643,136,64,155,69,167,80
148654,159,49,161,56,208,72
148609,87,28,158,50,215,78
148614,50,203,44,200,40,203
148613,81,173,78,179,103,192
149542,118,22,145,32,175,156
149554,65,157,87,189,197,247
147337,195,51,204,47,222,70
147333,206,77,210,89,232,110
145282,33,201,39,219,62,242
143457,41,154,46,200,65,219
149650,184,51,202,59,225,75
148626,180,78,197,82,202,131
152611,9,119,14,135,40,173
149590,201,55,210,58,222,96
150552,14,169,14,166,38,168
153497,232,63,233,95,229,119
140868,34,210,31,213,19,216
153413,40,159,64,179,109,214
152096,25,135,26,141,57,199
150554,5,149,9,167,39,224
152114,16,141,16,179,14,202
153405,57,156,62,165,147,219
154102,62,150,52,179,68,212
99351,32,236,31,236,32,236
149564,213,51,223,67,230,133
152130,64,232,81,239,128,243
150562,36,197,49,207,111,229
119506,24,118,23,125,31,110
148378,23,112,26,131,38,178
154111,120,24,153,48,174,62
154674,7,49,8,75,19,161
153496,25,184,24,201,47,213
157519,210,41,218,57,232,102
153531,40,226,39,219,69,241
153414,165,60,195,74,230,144
153799,37,78,28,76,35,205
154110,19,197,26,210,132,228
155534,44,179,53,193,99,214
174030,231,82,239,99,249,142
150555,32,171,36,176,64,211
155543,67,207,54,213,107,235
154135,192,42,200,42,208,54
155110,134,23,150,37,188,64
163104,208,53,210,58,212,73
153515,37,174,40,180,48,191
155095,24,160,44,169,73,196
156645,19,175,36,198,51,218
155120,182,36,195,44,221,105
153406,32,204,43,227,128,239
155770,152,49,198,43,190,70
149596,8,135,8,138,11,128
152586,64,212,75,220,129,233
153516,200,40,225,41,240,91
154344,76,206,52,217,77,226
155119,199,68,215,73,226,98
154312,177,49,196,58,219,128
154123,186,35,200,37,213,50
154329,4,98,8,120,16,159
155096,158,21,182,32,215,67
156627,40,184,19,187,14,148
153800,148,47,159,49,188,60
155118,45,208,41,215,63,225
155533,175,50,179,41,198,45
154305,208,47,218,51,234,113
130806,49,107,64,190,71,212
155116,13,125,20,174,31,194
144963,67,227,40,225,22,222
155409,195,41,198,35,210,43
152576,243,63,243,74,247,131
144937,249,29,250,39,252,62
155631,190,50,188,32,191,83
154339,43,169,45,192,65,232
154339,169,43,192,45,232,65
129038,25,218,43,238,55,244
155085,175,22,183,41,174,51
146341,14,186,36,200,66,207
138114,11,138,31,198,73,237
157412,221,73,204,56,181,51
153498,48,153,54,160,64,165
126654,7,175,6,176,10,196
153411,180,74,201,80,202,71
149152,152,44,196,55,216,48
153434,207,67,212,84,229,140
153518,24,127,36,168,40,187
130947,16,108,27,150,64,199
155413,221,97,220,90,221,154
143376,15,125,23,148,43,194
163223,5,192,4,195,4,198
116233,67,209,56,206,58,211
151463,6,239,5,237,60,240
153501,210,62,221,70,221,77
155117,200,22,211,28,232,77
146385,26,171,48,218,91,243
158050,183,31,202,41,210,48
153402,198,85,210,86,226,121
157494,151,20,185,20,229,53
156692,200,50,202,59,228,80
156694,32,108,27,100,44,183
152575,142,39,177,50,208,64
158269,25,190,21,198,122,221
153432,15,111,9,85,9,156
158467,33,209,38,227,53,236
158458,122,40,134,39,184,78
158421,169,48,199,59,236,104
155166,168,37,179,45,210,78
157628,23,138,25,150,36,160
152612,45,195,40,213,70,229
156637,112,15,180,18,188,49
152704,208,40,219,45,227,59
149722,28,227,29,224,34,225
156672,181,29,190,29,200,42
156691,142,34,180,34,204,33
155518,78,207,76,208,106,215
155519,217,62,228,96,244,164
155171,162,37,190,35,225,122
154342,11,85,9,94,40,192
155170,227,60,225,80,236,113
155520,118,28,128,35,214,80
155521,51,227,99,236,163,245
155517,225,88,232,83,243,97
155522,15,119,17,141,38,198
155523,217,105,224,90,242,186
156619,245,61,248,58,252,184
157072,16,97,14,166,42,234
155507,193,32,214,45,231,98
155165,200,32,206,51,226,97
155635,46,150,42,166,70,206
158471,29,154,23,164,39,192
155978,16,193,12,205,213,222
150576,25,113,31,124,42,214
150556,6,213,43,242,241,254
155808,189,41,200,45,211,55
152254,37,151,43,160,28,130
155504,118,36,118,27,140,35
147308,42,190,46,205,146,226
149796,30,99,25,169,54,219
151115,99,210,52,226,79,242
151288,40,230,44,231,53,231
155526,44,137,50,162,92,206
155525,228,95,226,61,225,194
146469,57,208,103,204,105,188
85579,163,47,173,40,178,44
135874,187,35,185,33,180,45
161242,38,146,30,161,34,183
146506,223,39,224,40,226,42
153652,40,186,34,165,32,132
136872,18,80,17,139,29,176
149747,52,244,76,248,111,250
134898,40,130,59,198,102,217
152385,186,50,181,39,189,42
155665,36,155,41,168,61,191
150637,54,159,43,158,40,165
120160,31,111,35,138,36,155
140731,52,189,42,178,27,151
132626,238,27,247,44,251,65
161850,174,69,211,107,218,99
82473,170,64,173,54,147,35
146480,37,174,30,166,30,144
127398,101,53,132,27,205,47
123630,178,26,178,26,170,25
127382,62,203,54,198,54,202
129094,177,97,204,77,215,87
117787,121,19,133,17,160,26
125473,22,161,44,177,136,163
156083,29,247,29,247,29,247
143394,27,185,25,179,32,177
158191,141,24,164,35,180,45
152341,106,13,158,21,181,36
162173,45,116,47,130,46,145
116866,19,122,17,149,37,214
152625,13,86,20,178,24,203
127397,70,32,93,10,174,14
160749,127,235,84,241,43,246
160399,59,183,56,186,65,202
164932,0,32,2,64,5,114
152170,26,66,29,72,35,114
99715,29,238,34,240,31,239
137696,22,123,20,134,28,162
155256,47,161,42,145,28,118
137875,8,159,7,157,7,160
152168,25,107,45,139,59,173
129095,207,31,199,25,176,19
125488,18,212,13,213,82,221
154668,16,88,12,157,18,194
154272,29,166,14,154,9,131
149221,37,147,34,150,44,161
143402,125,42,134,57,229,98
106360,174,46,130,13,68,14
169349,170,55,191,82,166,61
134838,60,236,33,217,16,204
143473,66,140,79,182,143,209
152616,41,178,31,152,10,120
159037,206,49,176,112,140,115
149777,172,8,174,8,177,7
137970,95,244,74,245,53,245
153642,35,152,37,165,46,183
152396,96,209,79,204,77,192
102278,222,79,219,71,215,72
159830,224,98,207,86,178,81
152633,161,44,154,34,147,25
159054,45,131,53,193,111,222
155411,28,110,34,152,47,180
118966,89,184,63,173,33,167
127374,174,30,190,32,191,32
165722,36,48,31,127,38,218
121052,208,55,198,76,161,118
137945,90,240,93,242,103,242
144379,106,166,92,189,72,180
152331,99,25,127,29,156,39
154353,19,150,19,176,24,192
127346,30,126,31,139,36,156
155715,36,189,35,213,60,236
163844,92,152,53,203,51,206
156477,96,187,72,198,72,209
143435,136,10,143,10,150,10
88227,48,53,97,46,208,17
165025,34,165,66,191,72,169
143932,22,162,16,159,18,152
165461,43,136,30,122,24,118
142317,37,195,43,203,59,226
163663,127,144,189,111,201,57
100205,243,30,243,21,249,47
144081,25,157,16,145,9,139
162932,75,167,82,200,104,223
158910,39,148,46,182,54,204
153279,160,226,117,227,28,220
143372,31,178,21,175,6,139
144215,18,193,18,194,17,192
125439,32,163,29,162,36,138
132627,31,151,20,144,12,109
161847,74,206,73,205,71,168
167035,212,80,205,138,215,144
155680,222,37,235,33,244,38
162824,110,43,149,61,188,79
160135,47,150,59,166,76,181
159408,69,221,48,227,51,232
152268,16,188,17,190,22,192
163027,40,140,52,207,69,224
94183,249,33,250,90,251,127
151674,34,147,39,158,46,175
146407,38,180,37,179,35,176
164968,207,60,211,32,234,103
151196,73,184,91,215,111,224
160464,165,96,197,83,212,77
156417,104,233,81,224,93,225
165029,168,36,215,69,213,98
143490,193,54,189,45,184,41
160964,198,108,215,109,180,76
143099,191,54,203,63,232,143
158576,145,50,122,52,228,126
169561,114,49,111,29,211,42
156185,35,175,39,192,47,215
165514,155,209,113,201,139,221
168478,21,111,31,153,49,187
158266,44,160,39,182,21,129
166008,44,214,91,185,97,110
154262,191,3,207,4,221,9
168508,102,211,107,223,197,236
154267,59,166,68,175,90,220
125418,35,123,40,143,56,167
152650,28,134,36,148,61,177
142634,89,204,93,212,96,216
169348,178,43,204,40,217,43
159521,164,141,190,125,201,49
169262,114,224,77,214,130,236
144657,39,141,53,168,60,183
158651,216,91,180,56,71,56
164335,25,120,38,145,61,183
168501,130,220,97,211,140,220
159741,96,212,99,218,58,205
143469,136,26,199,53,221,74
144988,52,176,48,172,54,189
162471,74,236,44,234,18,235
166083,80,241,123,235,117,217
99093,195,53,198,52,201,34
166583,65,207,57,210,52,195
149071,101,233,100,232,131,242
159525,86,186,91,194,94,207
143437,38,189,43,207,32,190
164986,133,16,149,18,182,33
164108,197,56,211,80,222,95
162232,125,25,141,33,157,40
167103,162,53,200,72,181,68
165669,133,53,130,44,153,53
171909,22,152,31,172,35,180
156912,76,239,82,243,114,246
162933,33,125,31,172,62,198
149517,177,62,183,88,172,70
165751,33,147,29,174,26,196
114268,161,70,172,64,198,73
144171,39,159,43,181,63,205
161869,61,172,71,195,101,224
161963,70,202,70,202,70,202
140257,31,188,18,145,24,189
162956,41,115,43,118,49,119
154594,45,182,36,182,59,203
163386,176,64,176,64,183,73
163832,219,43,227,61,242,71
158536,209,96,210,107,207,121
138601,37,170,34,177,135,210
166807,206,46,231,78,249,129
137909,67,212,46,197,24,168
124205,20,148,21,156,26,171
166657,153,90,195,101,212,79
120795,86,216,56,218,80,225
167108,223,82,218,103,205,109
154508,178,86,186,87,191,71
162419,87,213,118,215,90,185
158252,75,195,60,190,86,182
158181,93,219,125,219,108,210
158094,39,165,55,189,97,205
160009,53,142,77,171,116,198
143489,211,88,218,81,227,90
158630,38,238,35,242,205,251
160990,117,129,110,182,37,182
155218,244,100,245,94,248,119
159108,61,137,89,168,125,203
154669,25,127,33,153,40,180
158640,166,28,205,77,214,75
162200,40,91,81,142,72,140
165524,20,83,29,169,90,225
158649,18,61,12,55,10,137
168668,186,55,161,44,106,27
140653,58,135,90,206,89,207
159683,154,186,104,199,61,213
170236,34,183,35,183,44,189
151289,18,124,20,127,21,128
168551,146,200,73,163,82,175
164298,43,151,38,182,84,212
170613,26,143,31,184,58,200
158318,151,71,168,53,216,37
158864,169,24,168,20,166,16
160944,76,194,80,202,92,216
162420,51,99,67,139,73,167
162172,101,157,83,165,84,180
162751,75,225,69,215,121,197
159853,59,235,45,230,29,214
162869,49,99,43,115,99,160
158888,170,252,166,252,214,253
159648,69,225,96,232,122,241
162872,32,175,51,201,102,226
162150,240,105,231,85,228,72
162229,38,116,37,122,36,130
158691,37,184,37,182,38,182
158256,37,126,38,129,37,129
160922,63,163,71,181,86,194
159146,184,65,193,54,168,48
159167,71,166,78,177,67,162
159716,226,112,226,120,232,157
149289,71,198,72,202,74,205
161332,107,11,124,13,186,28
162716,208,163,205,133,199,80
162228,54,192,55,201,60,212
160261,19,231,18,232,49,233
152387,162,31,175,36,179,38
159642,213,65,218,53,243,99
162260,212,37,185,35,149,34
134891,13,131,13,149,25,190
162151,211,113,174,95,146,48
149133,47,142,36,134,14,129
161988,9,150,10,153,12,154
92082,30,184,47,219,100,239
148996,158,196,125,199,175,231
168504,9,165,9,163,9,164
151810,71,142,63,171,160,234
168863,222,65,215,67,208,79
141668,167,88,182,88,207,96
163096,9,144,7,158,42,200
124263,238,91,236,89,235,98
161006,144,34,205,34,234,49
169576,52,156,48,155,121,173
157198,82,193,65,174,63,154
163503,200,30,202,23,232,150
169016,227,85,228,100,230,109
159166,195,86,188,77,187,82
159630,226,116,219,106,196,88
159624,237,89,229,106,219,92
169560,8,195,6,208,12,225
166415,25,157,21,157,29,171
153298,75,52,81,171,64,243
159760,94,233,95,234,89,236
162075,32,148,48,176,66,195
164979,51,139,79,168,92,186
161306,158,58,177,46,229,79
162970,24,209,10,198,10,214
165846,32,163,46,182,71,208
170675,44,177,33,148,31,140
166180,67,214,57,206,63,218
162967,40,176,30,171,20,170
162962,90,244,117,236,115,225
163091,45,152,49,168,57,182
145246,179,6,181,4,211,22
164397,7,219,14,223,51,226
163782,32,185,28,196,18,186
163828,31,149,27,183,37,190
170242,171,39,187,44,209,65
167756,111,31,141,21,195,61
165587,142,21,137,26,225,55
163781,9,232,18,241,71,245
165526,244,49,244,22,252,157
168126,11,214,17,224,23,225
168546,19,170,38,199,63,221
168174,111,241,128,245,154,246
169577,66,243,41,240,168,249
165559,35,179,59,205,140,217
161355,23,157,24,167,84,181
164303,108,241,111,231,151,242
161317,21,152,23,170,25,199
163034,46,191,63,210,92,224
163034,47,192,63,211,93,225
163067,201,88,201,85,214,106
164370,90,222,109,225,97,213
159560,12,149,16,162,32,168
159560,12,149,16,162,32,168
161295,153,41,157,43,178,56
165768,26,150,26,150,30,159
165504,75,223,84,229,106,234
164683,224,107,224,109,225,120
159523,42,199,51,204,83,218
164995,12,137,7,122,9,142
158634,153,19,183,21,234,134
169565,18,136,21,154,25,176
169506,157,59,190,66,206,129
168516,131,35,148,42,210,71
165560,57,211,79,225,142,237
165014,34,221,43,222,84,243
169520,141,27,181,43,200,77
168515,218,100,227,108,226,126
159992,37,82,43,95,55,160
164388,98,206,110,212,124,225
166125,41,202,75,225,107,233
163095,19,11,216,19,241,21
171445,58,125,69,208,100,242
164441,44,169,40,192,51,203
169242,108,23,110,24,119,43
164308,48,158,55,165,84,179
168520,217,46,222,37,231,91
166189,64,188,65,201,92,229
164212,204,26,212,27,221,50
159524,206,38,225,27,236,137
164601,31,139,39,137,52,178
164331,32,183,34,196,58,222
163113,233,57,242,84,245,126
159522,238,64,239,65,243,101
165509,164,27,179,33,224,87
168183,23,153,25,184,49,216
165527,179,43,194,49,200,67
168149,193,62,199,46,220,74
165557,173,23,183,27,217,104
165558,14,154,17,168,43,199
168150,173,43,192,52,220,113
161300,28,205,38,217,106,235
163121,193,23,210,28,247,80
163046,121,28,151,46,182,64
163120,220,69,229,73,240,120
163122,192,43,201,43,221,68
164309,185,48,189,55,205,82
161326,190,36,195,41,229,86
163051,197,24,204,26,218,62
161294,184,51,199,55,236,95
161308,62,200,59,212,111,241
161357,138,18,160,25,197,41
166157,186,70,185,61,204,88
170770,27,183,36,192,48,202
166157,186,70,186,61,204,88
170770,27,183,36,192,48,202
168156,162,28,196,55,236,119
163090,43,180,60,201,90,217
169528,71,209,73,218,108,229
170644,195,43,204,39,225,69
166126,31,184,43,194,69,207
166127,241,104,240,94,242,108
161325,136,42,177,60,221,102
165546,68,230,59,220,48,212
163089,33,204,61,221,114,227
165543,58,211,46,208,41,201
170663,29,176,44,196,94,223
165579,8,181,17,197,32,208
162296,243,37,243,35,245,58
168519,3,65,3,71,4,105
161951,103,29,169,33,213,38
155407,53,204,48,186,47,109
164141,47,193,34,184,17,150
165544,39,189,40,195,54,199
166133,103,20,118,20,142,23
168165,192,34,196,37,202,75
158897,45,227,40,214,91,245
165346,233,60,239,75,241,115
170642,153,38,156,38,198,39
166661,49,193,58,211,72,222
166195,166,24,189,28,198,42
163255,46,193,30,187,30,190
107962,28,100,26,100,25,121
170708,112,9,87,7,162,15
165449,175,13,186,14,193,29
157192,47,170,39,157,35,130
152654,32,152,33,160,39,168
143463,52,186,49,193,42,184
165541,26,173,32,188,42,181
158053,50,196,50,196,50,196
166156,93,31,110,33,99,19
164337,27,204,30,206,46,215
164321,28,131,27,150,60,203
168528,46,157,58,176,86,199
143937,61,190,33,176,16,139
159793,204,48,208,67,205,83
166571,52,159,47,178,51,201
146304,46,171,55,202,71,224
153346,38,224,122,220,176,225
165538,53,202,66,211,125,228
164329,192,56,218,101,240,174
168527,44,207,53,217,101,227
164302,46,226,35,218,120,228
165547,28,159,26,180,96,229
166168,25,136,26,167,74,219
167332,26,136,28,171,69,212
164328,47,211,56,207,147,221
171883,47,107,48,117,71,169
163110,33,133,32,185,40,208
165564,53,223,41,220,60,239
166199,222,55,222,48,232,132
171824,218,69,220,68,232,118
170649,47,199,44,204,41,201
167482,119,14,177,20,229,64
159530,57,132,53,166,100,212
163094,23,148,32,208,50,224
163119,193,67,200,71,224,128
161282,162,47,196,62,228,101
161275,199,87,215,74,235,69
163073,29,147,36,163,56,179
161277,166,54,179,45,212,87
163079,169,22,180,22,227,40
163078,126,31,161,36,214,81
163050,203,65,206,27,218,38
170616,92,214,111,217,119,228
170614,158,47,160,53,184,73
170615,159,31,179,42,217,88
166190,31,132,40,158,57,188
165503,145,27,180,37,195,51
166191,33,128,32,181,49,221
161324,48,202,66,213,93,221
161280,175,49,217,63,230,108
161281,180,36,201,39,217,65
163074,36,139,38,168,50,207
159821,93,74,40,165,190,246
165586,33,131,39,152,64,184
165563,41,142,38,156,49,177
165565,120,26,163,34,213,96
169527,41,154,51,171,110,211
169526,198,82,211,54,231,130
163061,35,114,49,165,53,185
163052,172,41,171,41,166,46
163036,155,29,160,30,174,38
170693,93,198,101,206,122,218
168517,75,224,35,231,149,240
165588,50,171,51,168,69,137
127389,121,25,174,36,210,59
170676,39,237,49,240,134,243
164602,249,140,251,106,253,199
161334,201,53,195,45,206,93
161318,217,47,225,62,231,151
161319,32,157,40,167,72,218
159506,34,181,33,199,117,224
168507,33,163,44,189,64,206
166142,148,20,191,21,227,73
165562,159,36,195,33,213,45
169518,139,33,165,48,211,87
169519,44,186,52,201,72,239
162822,29,72,29,111,59,191
161359,176,38,189,27,200,77
161367,65,191,61,199,78,211
169525,228,23,242,39,253,106
163069,212,70,216,75,227,92
168026,234,68,229,42,245,76
169574,209,80,216,84,237,137
163111,24,157,26,184,44,219
169564,210,34,219,39,223,42
159505,181,47,194,45,212,70
161307,39,213,36,216,154,240
169600,234,131,232,119,204,38
165539,32,197,60,223,104,240
168117,41,176,17,167,49,193
169587,116,23,122,20,158,35
161364,195,45,195,45,215,72
166104,50,175,45,183,98,216
166130,55,158,72,189,84,206
168692,33,194,35,193,63,199
168140,172,42,195,42,229,65
168141,36,180,44,191,95,214
165766,67,218,48,233,41,233
168137,97,39,13,15,176,55
159375,40,155,47,195,70,224
164310,33,148,59,165,84,189
168191,43,171,48,181,57,195
168192,187,30,192,28,208,64
168190,68,203,75,214,98,224
168193,41,212,50,215,77,228
166172,15,155,16,160,19,163
167645,140,51,202,68,245,59
166129,160,106,169,75,175,129
159508,56,210,43,205,103,232
163075,19,101,19,105,31,134
163077,37,175,44,171,51,193
163076,160,28,161,29,167,32
170846,48,161,51,173,55,180
159507,34,212,38,220,82,238
159179,74,26,174,62,236,137
165540,30,185,18,185,43,208
165525,89,184,19,208,131,231
169318,157,55,184,64,210,93
163093,60,143,68,183,109,220
158894,64,180,79,208,107,230
166182,229,102,223,90,213,75
159360,84,141,35,180,27,168
161363,39,164,36,172,50,184
161368,137,26,173,32,216,67
160531,243,53,244,59,244,69
159577,232,43,232,33,244,90
165554,16,125,21,185,21,203
164376,108,13,165,17,221,45
159996,168,79,186,90,216,107
166192,13,122,19,149,42,195
